video,true,pred
/home/jovyan/.cache/kagglehub/datasets/yash07yadav/project-data/versions/1/Complete Dataset/val/NonFight/ZCUy99AN_0.avi,0,0
/home/jovyan/.cache/kagglehub/datasets/yash07yadav/project-data/versions/1/Complete Dataset/val/NonFight/no487_xvid.avi,0,0
/home/jovyan/.cache/kagglehub/datasets/yash07yadav/project-data/versions/1/Complete Dataset/val/NonFight/no87_xvid.avi,0,0
/home/jovyan/.cache/kagglehub/datasets/yash07yadav/project-data/versions/1/Complete Dataset/val/NonFight/PaTrwJbs_0.avi,0,0
/home/jovyan/.cache/kagglehub/datasets/yash07yadav/project-data/versions/1/Complete Dataset/val/NonFight/no91_xvid.avi,0,0
/home/jovyan/.cache/kagglehub/datasets/yash07yadav/project-data/versions/1/Complete Dataset/val/NonFight/NV_584.avi,0,0
/home/jovyan/.cache/kagglehub/datasets/yash07yadav/project-data/versions/1/Complete Dataset/val/NonFight/NV_374.avi,0,0
/home/jovyan/.cache/kagglehub/datasets/yash07yadav/project-data/versions/1/Complete Dataset/val/NonFight/no77_xvid.avi,0,0
/home/jovyan/.cache/kagglehub/datasets/yash07yadav/project-data/versions/1/Complete Dataset/val/NonFight/no88_xvid.avi,0,0
/home/jovyan/.cache/kagglehub/datasets/yash07yadav/project-data/versions/1/Complete Dataset/val/NonFight/1W8hsVvyKt4_0.avi,0,1
/home/jovyan/.cache/kagglehub/datasets/yash07yadav/project-data/versions/1/Complete Dataset/val/NonFight/Ry5c1PbcIa0_0.avi,0,0
/home/jovyan/.cache/kagglehub/datasets/yash07yadav/project-data/versions/1/Complete Dataset/val/NonFight/SJRnWfHAx_E_2.avi,0,0
/home/jovyan/.cache/kagglehub/datasets/yash07yadav/project-data/versions/1/Complete Dataset/val/NonFight/EB08Cq4t_0.avi,0,0
/home/jovyan/.cache/kagglehub/datasets/yash07yadav/project-data/versions/1/Complete Dataset/val/NonFight/LtfqEsod_0.avi,0,0
/home/jovyan/.cache/kagglehub/datasets/yash07yadav/project-data/versions/1/Complete Dataset/val/NonFight/Fds7C6sp_0.avi,0,0
/home/jovyan/.cache/kagglehub/datasets/yash07yadav/project-data/versions/1/Complete Dataset/val/NonFight/RQt37bnC_0.avi,0,0
/home/jovyan/.cache/kagglehub/datasets/yash07yadav/project-data/versions/1/Complete Dataset/val/NonFight/PNgE-OKjhgU_0.avi,0,0
/home/jovyan/.cache/kagglehub/datasets/yash07yadav/project-data/versions/1/Complete Dataset/val/NonFight/no69_xvid.avi,0,0
/home/jovyan/.cache/kagglehub/datasets/yash07yadav/project-data/versions/1/Complete Dataset/val/NonFight/NV_390.avi,0,0
/home/jovyan/.cache/kagglehub/datasets/yash07yadav/project-data/versions/1/Complete Dataset/val/NonFight/NV_590.avi,0,0
/home/jovyan/.cache/kagglehub/datasets/yash07yadav/project-data/versions/1/Complete Dataset/val/NonFight/Wq0BuA8GM84_0.avi,0,0
/home/jovyan/.cache/kagglehub/datasets/yash07yadav/project-data/versions/1/Complete Dataset/val/NonFight/NV_587.avi,0,0
/home/jovyan/.cache/kagglehub/datasets/yash07yadav/project-data/versions/1/Complete Dataset/val/NonFight/FpDZIe2z_0.avi,0,0
/home/jovyan/.cache/kagglehub/datasets/yash07yadav/project-data/versions/1/Complete Dataset/val/NonFight/IMA4zYs83Lo_0.avi,0,0
/home/jovyan/.cache/kagglehub/datasets/yash07yadav/project-data/versions/1/Complete Dataset/val/NonFight/ZCa5f4yq_0.avi,0,0
/home/jovyan/.cache/kagglehub/datasets/yash07yadav/project-data/versions/1/Complete Dataset/val/NonFight/no56_xvid.avi,0,0
/home/jovyan/.cache/kagglehub/datasets/yash07yadav/project-data/versions/1/Complete Dataset/val/NonFight/NV_511.avi,0,0
/home/jovyan/.cache/kagglehub/datasets/yash07yadav/project-data/versions/1/Complete Dataset/val/NonFight/6Rl7q_kXYbg_0.avi,0,0
/home/jovyan/.cache/kagglehub/datasets/yash07yadav/project-data/versions/1/Complete Dataset/val/NonFight/JECBfnp2ZXc_1.avi,0,0
/home/jovyan/.cache/kagglehub/datasets/yash07yadav/project-data/versions/1/Complete Dataset/val/NonFight/no488_xvid.avi,0,0
/home/jovyan/.cache/kagglehub/datasets/yash07yadav/project-data/versions/1/Complete Dataset/val/NonFight/VGKvz9qZ_0.avi,0,0
/home/jovyan/.cache/kagglehub/datasets/yash07yadav/project-data/versions/1/Complete Dataset/val/NonFight/10uSOcwS_0.avi,0,0
/home/jovyan/.cache/kagglehub/datasets/yash07yadav/project-data/versions/1/Complete Dataset/val/NonFight/2lrARl7utL4_2.avi,0,0
/home/jovyan/.cache/kagglehub/datasets/yash07yadav/project-data/versions/1/Complete Dataset/val/NonFight/7emxm3za_0.avi,0,0
/home/jovyan/.cache/kagglehub/datasets/yash07yadav/project-data/versions/1/Complete Dataset/val/NonFight/no45_xvid.avi,0,0
/home/jovyan/.cache/kagglehub/datasets/yash07yadav/project-data/versions/1/Complete Dataset/val/NonFight/LoQZojhn_0.avi,0,1
/home/jovyan/.cache/kagglehub/datasets/yash07yadav/project-data/versions/1/Complete Dataset/val/NonFight/66U2c3YMjOI_1.avi,0,1
/home/jovyan/.cache/kagglehub/datasets/yash07yadav/project-data/versions/1/Complete Dataset/val/NonFight/no4_xvid.avi,0,0
/home/jovyan/.cache/kagglehub/datasets/yash07yadav/project-data/versions/1/Complete Dataset/val/NonFight/NV_517.avi,0,0
/home/jovyan/.cache/kagglehub/datasets/yash07yadav/project-data/versions/1/Complete Dataset/val/NonFight/NV_514.avi,0,0
/home/jovyan/.cache/kagglehub/datasets/yash07yadav/project-data/versions/1/Complete Dataset/val/NonFight/NV_597.avi,0,0
/home/jovyan/.cache/kagglehub/datasets/yash07yadav/project-data/versions/1/Complete Dataset/val/NonFight/GCgD8AkV_0.avi,0,0
/home/jovyan/.cache/kagglehub/datasets/yash07yadav/project-data/versions/1/Complete Dataset/val/NonFight/66U2c3YMjOI_0.avi,0,0
/home/jovyan/.cache/kagglehub/datasets/yash07yadav/project-data/versions/1/Complete Dataset/val/NonFight/6doZoiaG9PM_3.avi,0,0
/home/jovyan/.cache/kagglehub/datasets/yash07yadav/project-data/versions/1/Complete Dataset/val/NonFight/YYCGcBuE_0.avi,0,0
/home/jovyan/.cache/kagglehub/datasets/yash07yadav/project-data/versions/1/Complete Dataset/val/NonFight/aZxUVVqk_0.avi,0,0
/home/jovyan/.cache/kagglehub/datasets/yash07yadav/project-data/versions/1/Complete Dataset/val/NonFight/no66_xvid.avi,0,1
/home/jovyan/.cache/kagglehub/datasets/yash07yadav/project-data/versions/1/Complete Dataset/val/NonFight/NoUdd8wq_0.avi,0,0
/home/jovyan/.cache/kagglehub/datasets/yash07yadav/project-data/versions/1/Complete Dataset/val/NonFight/WPXtCPPS_0.avi,0,0
/home/jovyan/.cache/kagglehub/datasets/yash07yadav/project-data/versions/1/Complete Dataset/val/NonFight/no479_xvid.avi,0,0
/home/jovyan/.cache/kagglehub/datasets/yash07yadav/project-data/versions/1/Complete Dataset/val/NonFight/NV_513.avi,0,0
/home/jovyan/.cache/kagglehub/datasets/yash07yadav/project-data/versions/1/Complete Dataset/val/NonFight/no64_xvid.avi,0,0
/home/jovyan/.cache/kagglehub/datasets/yash07yadav/project-data/versions/1/Complete Dataset/val/NonFight/no73_xvid.avi,0,0
/home/jovyan/.cache/kagglehub/datasets/yash07yadav/project-data/versions/1/Complete Dataset/val/NonFight/Fwhi4UNI_0.avi,0,0
/home/jovyan/.cache/kagglehub/datasets/yash07yadav/project-data/versions/1/Complete Dataset/val/NonFight/no493_xvid.avi,0,0
/home/jovyan/.cache/kagglehub/datasets/yash07yadav/project-data/versions/1/Complete Dataset/val/NonFight/no447_xvid.avi,0,0
/home/jovyan/.cache/kagglehub/datasets/yash07yadav/project-data/versions/1/Complete Dataset/val/NonFight/NV_592.avi,0,0
/home/jovyan/.cache/kagglehub/datasets/yash07yadav/project-data/versions/1/Complete Dataset/val/NonFight/no53_xvid.avi,0,0
/home/jovyan/.cache/kagglehub/datasets/yash07yadav/project-data/versions/1/Complete Dataset/val/NonFight/no7_xvid.avi,0,0
/home/jovyan/.cache/kagglehub/datasets/yash07yadav/project-data/versions/1/Complete Dataset/val/NonFight/NV_586.avi,0,0
/home/jovyan/.cache/kagglehub/datasets/yash07yadav/project-data/versions/1/Complete Dataset/val/NonFight/VVQBImyG_0.avi,0,0
/home/jovyan/.cache/kagglehub/datasets/yash07yadav/project-data/versions/1/Complete Dataset/val/NonFight/NV_522.avi,0,1
/home/jovyan/.cache/kagglehub/datasets/yash07yadav/project-data/versions/1/Complete Dataset/val/NonFight/IvimSdBV_0.avi,0,0
/home/jovyan/.cache/kagglehub/datasets/yash07yadav/project-data/versions/1/Complete Dataset/val/NonFight/NV_380.avi,0,0
/home/jovyan/.cache/kagglehub/datasets/yash07yadav/project-data/versions/1/Complete Dataset/val/NonFight/no480_xvid.avi,0,0
/home/jovyan/.cache/kagglehub/datasets/yash07yadav/project-data/versions/1/Complete Dataset/val/NonFight/K4qpMWJS_0.avi,0,0
/home/jovyan/.cache/kagglehub/datasets/yash07yadav/project-data/versions/1/Complete Dataset/val/NonFight/8tWVjrUW_0.avi,0,0
/home/jovyan/.cache/kagglehub/datasets/yash07yadav/project-data/versions/1/Complete Dataset/val/NonFight/no79_xvid.avi,0,0
/home/jovyan/.cache/kagglehub/datasets/yash07yadav/project-data/versions/1/Complete Dataset/val/NonFight/no491_xvid.avi,0,0
/home/jovyan/.cache/kagglehub/datasets/yash07yadav/project-data/versions/1/Complete Dataset/val/NonFight/Wq0BuA8GM84_1.avi,0,1
/home/jovyan/.cache/kagglehub/datasets/yash07yadav/project-data/versions/1/Complete Dataset/val/NonFight/no99_xvid.avi,0,0
/home/jovyan/.cache/kagglehub/datasets/yash07yadav/project-data/versions/1/Complete Dataset/val/NonFight/Qj3oZsaqNGE_0.avi,0,0
/home/jovyan/.cache/kagglehub/datasets/yash07yadav/project-data/versions/1/Complete Dataset/val/NonFight/Assault006_x264_1.avi,0,0
/home/jovyan/.cache/kagglehub/datasets/yash07yadav/project-data/versions/1/Complete Dataset/val/NonFight/no481_xvid.avi,0,0
/home/jovyan/.cache/kagglehub/datasets/yash07yadav/project-data/versions/1/Complete Dataset/val/NonFight/I3rTHE3L_0.avi,0,0
/home/jovyan/.cache/kagglehub/datasets/yash07yadav/project-data/versions/1/Complete Dataset/val/NonFight/no461_xvid.avi,0,0
/home/jovyan/.cache/kagglehub/datasets/yash07yadav/project-data/versions/1/Complete Dataset/val/NonFight/no80_xvid.avi,0,0
/home/jovyan/.cache/kagglehub/datasets/yash07yadav/project-data/versions/1/Complete Dataset/val/NonFight/VIPpAkyG_0.avi,0,0
/home/jovyan/.cache/kagglehub/datasets/yash07yadav/project-data/versions/1/Complete Dataset/val/NonFight/1MVS2QPWbHc_0.avi,0,0
/home/jovyan/.cache/kagglehub/datasets/yash07yadav/project-data/versions/1/Complete Dataset/val/NonFight/YDOJvzChqSg_0.avi,0,1
/home/jovyan/.cache/kagglehub/datasets/yash07yadav/project-data/versions/1/Complete Dataset/val/NonFight/VtIQbKvy_0.avi,0,0
/home/jovyan/.cache/kagglehub/datasets/yash07yadav/project-data/versions/1/Complete Dataset/val/NonFight/no86_xvid.avi,0,0
/home/jovyan/.cache/kagglehub/datasets/yash07yadav/project-data/versions/1/Complete Dataset/val/NonFight/NV_591.avi,0,0
/home/jovyan/.cache/kagglehub/datasets/yash07yadav/project-data/versions/1/Complete Dataset/val/NonFight/8SmT9rE9_0.avi,0,0
/home/jovyan/.cache/kagglehub/datasets/yash07yadav/project-data/versions/1/Complete Dataset/val/NonFight/no90_xvid.avi,0,0
/home/jovyan/.cache/kagglehub/datasets/yash07yadav/project-data/versions/1/Complete Dataset/val/NonFight/no496_xvid.avi,0,0
/home/jovyan/.cache/kagglehub/datasets/yash07yadav/project-data/versions/1/Complete Dataset/val/NonFight/1MVS2QPWbHc_1.avi,0,1
/home/jovyan/.cache/kagglehub/datasets/yash07yadav/project-data/versions/1/Complete Dataset/val/NonFight/CrBTbDcb_0.avi,0,0
/home/jovyan/.cache/kagglehub/datasets/yash07yadav/project-data/versions/1/Complete Dataset/val/NonFight/2lrARl7utL4_1.avi,0,0
/home/jovyan/.cache/kagglehub/datasets/yash07yadav/project-data/versions/1/Complete Dataset/val/NonFight/E9SvEiNt_0.avi,0,0
/home/jovyan/.cache/kagglehub/datasets/yash07yadav/project-data/versions/1/Complete Dataset/val/NonFight/no44_xvid.avi,0,0
/home/jovyan/.cache/kagglehub/datasets/yash07yadav/project-data/versions/1/Complete Dataset/val/NonFight/no81_xvid.avi,0,0
/home/jovyan/.cache/kagglehub/datasets/yash07yadav/project-data/versions/1/Complete Dataset/val/NonFight/no8_xvid.avi,0,0
/home/jovyan/.cache/kagglehub/datasets/yash07yadav/project-data/versions/1/Complete Dataset/val/NonFight/NV_388.avi,0,0
/home/jovyan/.cache/kagglehub/datasets/yash07yadav/project-data/versions/1/Complete Dataset/val/NonFight/RIXaF_TkLlU_2.avi,0,1
/home/jovyan/.cache/kagglehub/datasets/yash07yadav/project-data/versions/1/Complete Dataset/val/NonFight/no74_xvid.avi,0,0
/home/jovyan/.cache/kagglehub/datasets/yash07yadav/project-data/versions/1/Complete Dataset/val/NonFight/1W8hsVvyKt4_2.avi,0,1
/home/jovyan/.cache/kagglehub/datasets/yash07yadav/project-data/versions/1/Complete Dataset/val/NonFight/no83_xvid.avi,0,0
/home/jovyan/.cache/kagglehub/datasets/yash07yadav/project-data/versions/1/Complete Dataset/val/NonFight/NV_594.avi,0,0
/home/jovyan/.cache/kagglehub/datasets/yash07yadav/project-data/versions/1/Complete Dataset/val/NonFight/no449_xvid.avi,0,0
/home/jovyan/.cache/kagglehub/datasets/yash07yadav/project-data/versions/1/Complete Dataset/val/NonFight/no96_xvid.avi,0,1
/home/jovyan/.cache/kagglehub/datasets/yash07yadav/project-data/versions/1/Complete Dataset/val/NonFight/NV_515.avi,0,0
/home/jovyan/.cache/kagglehub/datasets/yash07yadav/project-data/versions/1/Complete Dataset/val/NonFight/no454_xvid.avi,0,0
/home/jovyan/.cache/kagglehub/datasets/yash07yadav/project-data/versions/1/Complete Dataset/val/NonFight/no5_xvid.avi,0,0
/home/jovyan/.cache/kagglehub/datasets/yash07yadav/project-data/versions/1/Complete Dataset/val/NonFight/no459_xvid.avi,0,0
/home/jovyan/.cache/kagglehub/datasets/yash07yadav/project-data/versions/1/Complete Dataset/val/NonFight/NV_595.avi,0,0
/home/jovyan/.cache/kagglehub/datasets/yash07yadav/project-data/versions/1/Complete Dataset/val/NonFight/NV_383.avi,0,0
/home/jovyan/.cache/kagglehub/datasets/yash07yadav/project-data/versions/1/Complete Dataset/val/NonFight/SJRnWfHAx_E_0.avi,0,0
/home/jovyan/.cache/kagglehub/datasets/yash07yadav/project-data/versions/1/Complete Dataset/val/NonFight/NW4ndzCa_0.avi,0,0
/home/jovyan/.cache/kagglehub/datasets/yash07yadav/project-data/versions/1/Complete Dataset/val/NonFight/NV_593.avi,0,0
/home/jovyan/.cache/kagglehub/datasets/yash07yadav/project-data/versions/1/Complete Dataset/val/NonFight/NV_373.avi,0,0
/home/jovyan/.cache/kagglehub/datasets/yash07yadav/project-data/versions/1/Complete Dataset/val/NonFight/NV_378.avi,0,0
/home/jovyan/.cache/kagglehub/datasets/yash07yadav/project-data/versions/1/Complete Dataset/val/NonFight/NeyOxUHJ_0.avi,0,0
/home/jovyan/.cache/kagglehub/datasets/yash07yadav/project-data/versions/1/Complete Dataset/val/NonFight/cw8fPfUL_0.avi,0,0
/home/jovyan/.cache/kagglehub/datasets/yash07yadav/project-data/versions/1/Complete Dataset/val/NonFight/6doZoiaG9PM_0.avi,0,0
/home/jovyan/.cache/kagglehub/datasets/yash07yadav/project-data/versions/1/Complete Dataset/val/NonFight/no9_xvid.avi,0,0
/home/jovyan/.cache/kagglehub/datasets/yash07yadav/project-data/versions/1/Complete Dataset/val/NonFight/F6kgeh23_0.avi,0,0
/home/jovyan/.cache/kagglehub/datasets/yash07yadav/project-data/versions/1/Complete Dataset/val/NonFight/DeCoZoey_0.avi,0,0
/home/jovyan/.cache/kagglehub/datasets/yash07yadav/project-data/versions/1/Complete Dataset/val/NonFight/NQpYodM6_0.avi,0,0
/home/jovyan/.cache/kagglehub/datasets/yash07yadav/project-data/versions/1/Complete Dataset/val/NonFight/VTOPSZvF_0.avi,0,1
/home/jovyan/.cache/kagglehub/datasets/yash07yadav/project-data/versions/1/Complete Dataset/val/NonFight/2lrARl7utL4_0.avi,0,0
/home/jovyan/.cache/kagglehub/datasets/yash07yadav/project-data/versions/1/Complete Dataset/val/NonFight/JOMXfA1R_0.avi,0,0
/home/jovyan/.cache/kagglehub/datasets/yash07yadav/project-data/versions/1/Complete Dataset/val/NonFight/no98_xvid.avi,0,0
/home/jovyan/.cache/kagglehub/datasets/yash07yadav/project-data/versions/1/Complete Dataset/val/NonFight/PL8idmS7_0.avi,0,0
/home/jovyan/.cache/kagglehub/datasets/yash07yadav/project-data/versions/1/Complete Dataset/val/NonFight/no462_xvid.avi,0,0
/home/jovyan/.cache/kagglehub/datasets/yash07yadav/project-data/versions/1/Complete Dataset/val/NonFight/no61_xvid.avi,0,0
/home/jovyan/.cache/kagglehub/datasets/yash07yadav/project-data/versions/1/Complete Dataset/val/NonFight/NV_516.avi,0,0
/home/jovyan/.cache/kagglehub/datasets/yash07yadav/project-data/versions/1/Complete Dataset/val/NonFight/NWqRgoGh_0.avi,0,0
/home/jovyan/.cache/kagglehub/datasets/yash07yadav/project-data/versions/1/Complete Dataset/val/NonFight/NV_379.avi,0,0
/home/jovyan/.cache/kagglehub/datasets/yash07yadav/project-data/versions/1/Complete Dataset/val/NonFight/A7FCl8G35Cs_1.avi,0,1
/home/jovyan/.cache/kagglehub/datasets/yash07yadav/project-data/versions/1/Complete Dataset/val/NonFight/9kly-mpQczg_1.avi,0,0
/home/jovyan/.cache/kagglehub/datasets/yash07yadav/project-data/versions/1/Complete Dataset/val/NonFight/no75_xvid.avi,0,0
/home/jovyan/.cache/kagglehub/datasets/yash07yadav/project-data/versions/1/Complete Dataset/val/NonFight/YL1qlr23_0.avi,0,0
/home/jovyan/.cache/kagglehub/datasets/yash07yadav/project-data/versions/1/Complete Dataset/val/NonFight/NV_382.avi,0,0
/home/jovyan/.cache/kagglehub/datasets/yash07yadav/project-data/versions/1/Complete Dataset/val/NonFight/no6_xvid.avi,0,0
/home/jovyan/.cache/kagglehub/datasets/yash07yadav/project-data/versions/1/Complete Dataset/val/NonFight/fO2vb61DcUk_0.avi,0,1
/home/jovyan/.cache/kagglehub/datasets/yash07yadav/project-data/versions/1/Complete Dataset/val/NonFight/no47_xvid.avi,0,0
/home/jovyan/.cache/kagglehub/datasets/yash07yadav/project-data/versions/1/Complete Dataset/val/NonFight/GXvqyqYi_0.avi,0,0
/home/jovyan/.cache/kagglehub/datasets/yash07yadav/project-data/versions/1/Complete Dataset/val/NonFight/I-QiUMPTWNE_2.avi,0,0
/home/jovyan/.cache/kagglehub/datasets/yash07yadav/project-data/versions/1/Complete Dataset/val/NonFight/no500_xvid.avi,0,0
/home/jovyan/.cache/kagglehub/datasets/yash07yadav/project-data/versions/1/Complete Dataset/val/NonFight/no489_xvid.avi,0,0
/home/jovyan/.cache/kagglehub/datasets/yash07yadav/project-data/versions/1/Complete Dataset/val/NonFight/9JxNZtUK_0.avi,0,0
/home/jovyan/.cache/kagglehub/datasets/yash07yadav/project-data/versions/1/Complete Dataset/val/NonFight/Ob0YCDgS_0.avi,0,0
/home/jovyan/.cache/kagglehub/datasets/yash07yadav/project-data/versions/1/Complete Dataset/val/NonFight/no448_xvid.avi,0,0
/home/jovyan/.cache/kagglehub/datasets/yash07yadav/project-data/versions/1/Complete Dataset/val/NonFight/N8M1mmW9_0.avi,0,0
/home/jovyan/.cache/kagglehub/datasets/yash07yadav/project-data/versions/1/Complete Dataset/val/NonFight/YukOkfIj_0.avi,0,0
/home/jovyan/.cache/kagglehub/datasets/yash07yadav/project-data/versions/1/Complete Dataset/val/NonFight/MxkTo5F-nvU_0.avi,0,0
/home/jovyan/.cache/kagglehub/datasets/yash07yadav/project-data/versions/1/Complete Dataset/val/NonFight/NWIc3Yat_0.avi,0,0
/home/jovyan/.cache/kagglehub/datasets/yash07yadav/project-data/versions/1/Complete Dataset/val/NonFight/no49_xvid.avi,0,0
/home/jovyan/.cache/kagglehub/datasets/yash07yadav/project-data/versions/1/Complete Dataset/val/NonFight/ZwhC7Kyg_0.avi,0,0
/home/jovyan/.cache/kagglehub/datasets/yash07yadav/project-data/versions/1/Complete Dataset/val/NonFight/Nlopikk0zhE_0.avi,0,1
/home/jovyan/.cache/kagglehub/datasets/yash07yadav/project-data/versions/1/Complete Dataset/val/NonFight/no97_xvid.avi,0,0
/home/jovyan/.cache/kagglehub/datasets/yash07yadav/project-data/versions/1/Complete Dataset/val/NonFight/NV_596.avi,0,0
/home/jovyan/.cache/kagglehub/datasets/yash07yadav/project-data/versions/1/Complete Dataset/val/NonFight/TP6mtOzL_0.avi,0,0
/home/jovyan/.cache/kagglehub/datasets/yash07yadav/project-data/versions/1/Complete Dataset/val/NonFight/no490_xvid.avi,0,1
/home/jovyan/.cache/kagglehub/datasets/yash07yadav/project-data/versions/1/Complete Dataset/val/NonFight/NV_389.avi,0,0
/home/jovyan/.cache/kagglehub/datasets/yash07yadav/project-data/versions/1/Complete Dataset/val/NonFight/UoS3KEYq_0.avi,0,0
/home/jovyan/.cache/kagglehub/datasets/yash07yadav/project-data/versions/1/Complete Dataset/val/NonFight/no48_xvid.avi,0,0
/home/jovyan/.cache/kagglehub/datasets/yash07yadav/project-data/versions/1/Complete Dataset/val/NonFight/NV_384.avi,0,0
/home/jovyan/.cache/kagglehub/datasets/yash07yadav/project-data/versions/1/Complete Dataset/val/NonFight/no46_xvid.avi,0,0
/home/jovyan/.cache/kagglehub/datasets/yash07yadav/project-data/versions/1/Complete Dataset/val/NonFight/Yf55ftZR_0.avi,0,0
/home/jovyan/.cache/kagglehub/datasets/yash07yadav/project-data/versions/1/Complete Dataset/val/NonFight/no63_xvid.avi,0,0
/home/jovyan/.cache/kagglehub/datasets/yash07yadav/project-data/versions/1/Complete Dataset/val/NonFight/4I1DGWsh_0.avi,0,0
/home/jovyan/.cache/kagglehub/datasets/yash07yadav/project-data/versions/1/Complete Dataset/val/NonFight/NV_520.avi,0,0
/home/jovyan/.cache/kagglehub/datasets/yash07yadav/project-data/versions/1/Complete Dataset/val/NonFight/LruY67tu_0.avi,0,0
/home/jovyan/.cache/kagglehub/datasets/yash07yadav/project-data/versions/1/Complete Dataset/val/NonFight/8s3rES1a_0.avi,0,0
/home/jovyan/.cache/kagglehub/datasets/yash07yadav/project-data/versions/1/Complete Dataset/val/NonFight/VF8M3gXp_0.avi,0,0
/home/jovyan/.cache/kagglehub/datasets/yash07yadav/project-data/versions/1/Complete Dataset/val/NonFight/no492_xvid.avi,0,0
/home/jovyan/.cache/kagglehub/datasets/yash07yadav/project-data/versions/1/Complete Dataset/val/NonFight/Bp3wCVsS_0.avi,0,0
/home/jovyan/.cache/kagglehub/datasets/yash07yadav/project-data/versions/1/Complete Dataset/val/NonFight/6doZoiaG9PM_2.avi,0,1
/home/jovyan/.cache/kagglehub/datasets/yash07yadav/project-data/versions/1/Complete Dataset/val/NonFight/no71_xvid.avi,0,0
/home/jovyan/.cache/kagglehub/datasets/yash07yadav/project-data/versions/1/Complete Dataset/val/NonFight/NV_521.avi,0,0
/home/jovyan/.cache/kagglehub/datasets/yash07yadav/project-data/versions/1/Complete Dataset/val/NonFight/NV_518.avi,0,0
/home/jovyan/.cache/kagglehub/datasets/yash07yadav/project-data/versions/1/Complete Dataset/val/NonFight/BOnEkkm1_0.avi,0,0
/home/jovyan/.cache/kagglehub/datasets/yash07yadav/project-data/versions/1/Complete Dataset/val/NonFight/1W8hsVvyKt4_3.avi,0,0
/home/jovyan/.cache/kagglehub/datasets/yash07yadav/project-data/versions/1/Complete Dataset/val/NonFight/no495_xvid.avi,0,0
/home/jovyan/.cache/kagglehub/datasets/yash07yadav/project-data/versions/1/Complete Dataset/val/NonFight/NV_391.avi,0,0
/home/jovyan/.cache/kagglehub/datasets/yash07yadav/project-data/versions/1/Complete Dataset/val/NonFight/NV_385.avi,0,0
/home/jovyan/.cache/kagglehub/datasets/yash07yadav/project-data/versions/1/Complete Dataset/val/NonFight/JECBfnp2ZXc_2.avi,0,0
/home/jovyan/.cache/kagglehub/datasets/yash07yadav/project-data/versions/1/Complete Dataset/val/NonFight/NV_589.avi,0,0
/home/jovyan/.cache/kagglehub/datasets/yash07yadav/project-data/versions/1/Complete Dataset/val/NonFight/NV_524.avi,0,1
/home/jovyan/.cache/kagglehub/datasets/yash07yadav/project-data/versions/1/Complete Dataset/val/NonFight/no482_xvid.avi,0,0
/home/jovyan/.cache/kagglehub/datasets/yash07yadav/project-data/versions/1/Complete Dataset/val/NonFight/A7FCl8G35Cs_0.avi,0,0
/home/jovyan/.cache/kagglehub/datasets/yash07yadav/project-data/versions/1/Complete Dataset/val/NonFight/no95_xvid.avi,0,0
/home/jovyan/.cache/kagglehub/datasets/yash07yadav/project-data/versions/1/Complete Dataset/val/NonFight/no499_xvid.avi,0,0
/home/jovyan/.cache/kagglehub/datasets/yash07yadav/project-data/versions/1/Complete Dataset/val/NonFight/9kly-mpQczg_0.avi,0,0
/home/jovyan/.cache/kagglehub/datasets/yash07yadav/project-data/versions/1/Complete Dataset/val/NonFight/QRJFLxqK_0.avi,0,1
/home/jovyan/.cache/kagglehub/datasets/yash07yadav/project-data/versions/1/Complete Dataset/val/NonFight/I9OYGpUd_0.avi,0,0
/home/jovyan/.cache/kagglehub/datasets/yash07yadav/project-data/versions/1/Complete Dataset/val/NonFight/6doZoiaG9PM_1.avi,0,0
/home/jovyan/.cache/kagglehub/datasets/yash07yadav/project-data/versions/1/Complete Dataset/val/NonFight/no494_xvid.avi,0,0
/home/jovyan/.cache/kagglehub/datasets/yash07yadav/project-data/versions/1/Complete Dataset/val/NonFight/no460_xvid.avi,0,0
/home/jovyan/.cache/kagglehub/datasets/yash07yadav/project-data/versions/1/Complete Dataset/val/NonFight/RIXaF_TkLlU_0.avi,0,0
/home/jovyan/.cache/kagglehub/datasets/yash07yadav/project-data/versions/1/Complete Dataset/val/NonFight/PNgE-OKjhgU_1.avi,0,0
/home/jovyan/.cache/kagglehub/datasets/yash07yadav/project-data/versions/1/Complete Dataset/val/NonFight/no458_xvid.avi,0,0
/home/jovyan/.cache/kagglehub/datasets/yash07yadav/project-data/versions/1/Complete Dataset/val/NonFight/bW2vHhYbzHM_1.avi,0,0
/home/jovyan/.cache/kagglehub/datasets/yash07yadav/project-data/versions/1/Complete Dataset/val/NonFight/no498_xvid.avi,0,0
/home/jovyan/.cache/kagglehub/datasets/yash07yadav/project-data/versions/1/Complete Dataset/val/NonFight/1W8hsVvyKt4_1.avi,0,0
/home/jovyan/.cache/kagglehub/datasets/yash07yadav/project-data/versions/1/Complete Dataset/val/NonFight/no483_xvid.avi,0,0
/home/jovyan/.cache/kagglehub/datasets/yash07yadav/project-data/versions/1/Complete Dataset/val/NonFight/NV_381.avi,0,0
/home/jovyan/.cache/kagglehub/datasets/yash07yadav/project-data/versions/1/Complete Dataset/val/NonFight/no450_xvid.avi,0,0
/home/jovyan/.cache/kagglehub/datasets/yash07yadav/project-data/versions/1/Complete Dataset/val/NonFight/NV_523.avi,0,1
/home/jovyan/.cache/kagglehub/datasets/yash07yadav/project-data/versions/1/Complete Dataset/val/NonFight/2qFnVnnZ_0.avi,0,0
/home/jovyan/.cache/kagglehub/datasets/yash07yadav/project-data/versions/1/Complete Dataset/val/NonFight/JECBfnp2ZXc_0.avi,0,0
/home/jovyan/.cache/kagglehub/datasets/yash07yadav/project-data/versions/1/Complete Dataset/val/NonFight/NV_598.avi,0,0
/home/jovyan/.cache/kagglehub/datasets/yash07yadav/project-data/versions/1/Complete Dataset/val/NonFight/NV_585.avi,0,0
/home/jovyan/.cache/kagglehub/datasets/yash07yadav/project-data/versions/1/Complete Dataset/val/NonFight/I-QiUMPTWNE_0.avi,0,0
/home/jovyan/.cache/kagglehub/datasets/yash07yadav/project-data/versions/1/Complete Dataset/val/NonFight/39BFeYnbu-I_0.avi,0,1
/home/jovyan/.cache/kagglehub/datasets/yash07yadav/project-data/versions/1/Complete Dataset/val/NonFight/4p2iGvo8_0.avi,0,1
/home/jovyan/.cache/kagglehub/datasets/yash07yadav/project-data/versions/1/Complete Dataset/val/NonFight/NV_588.avi,0,0
/home/jovyan/.cache/kagglehub/datasets/yash07yadav/project-data/versions/1/Complete Dataset/val/NonFight/NV_387.avi,0,0
/home/jovyan/.cache/kagglehub/datasets/yash07yadav/project-data/versions/1/Complete Dataset/val/NonFight/no58_xvid.avi,0,0
/home/jovyan/.cache/kagglehub/datasets/yash07yadav/project-data/versions/1/Complete Dataset/val/NonFight/BySljls4_0.avi,0,0
/home/jovyan/.cache/kagglehub/datasets/yash07yadav/project-data/versions/1/Complete Dataset/val/NonFight/VzHfmJeI_0.avi,0,0
/home/jovyan/.cache/kagglehub/datasets/yash07yadav/project-data/versions/1/Complete Dataset/val/NonFight/no55_xvid.avi,0,0
/home/jovyan/.cache/kagglehub/datasets/yash07yadav/project-data/versions/1/Complete Dataset/val/NonFight/7gLKFV5voOg_0.avi,0,0
/home/jovyan/.cache/kagglehub/datasets/yash07yadav/project-data/versions/1/Complete Dataset/val/NonFight/1AURh0Wj_0.avi,0,0
/home/jovyan/.cache/kagglehub/datasets/yash07yadav/project-data/versions/1/Complete Dataset/val/NonFight/no84_xvid.avi,0,0
/home/jovyan/.cache/kagglehub/datasets/yash07yadav/project-data/versions/1/Complete Dataset/val/NonFight/EFv961C5RgY_0.avi,0,0
/home/jovyan/.cache/kagglehub/datasets/yash07yadav/project-data/versions/1/Complete Dataset/val/NonFight/NV_376.avi,0,0
/home/jovyan/.cache/kagglehub/datasets/yash07yadav/project-data/versions/1/Complete Dataset/val/NonFight/S8jXc3sP_0.avi,0,0
/home/jovyan/.cache/kagglehub/datasets/yash07yadav/project-data/versions/1/Complete Dataset/val/NonFight/NV_525.avi,0,1
/home/jovyan/.cache/kagglehub/datasets/yash07yadav/project-data/versions/1/Complete Dataset/val/NonFight/NV_386.avi,0,0
/home/jovyan/.cache/kagglehub/datasets/yash07yadav/project-data/versions/1/Complete Dataset/val/NonFight/no457_xvid.avi,0,0
/home/jovyan/.cache/kagglehub/datasets/yash07yadav/project-data/versions/1/Complete Dataset/val/NonFight/NV_372.avi,0,0
/home/jovyan/.cache/kagglehub/datasets/yash07yadav/project-data/versions/1/Complete Dataset/val/NonFight/no497_xvid.avi,0,0
/home/jovyan/.cache/kagglehub/datasets/yash07yadav/project-data/versions/1/Complete Dataset/val/NonFight/no453_xvid.avi,0,0
/home/jovyan/.cache/kagglehub/datasets/yash07yadav/project-data/versions/1/Complete Dataset/val/NonFight/no57_xvid.avi,0,0
/home/jovyan/.cache/kagglehub/datasets/yash07yadav/project-data/versions/1/Complete Dataset/val/NonFight/NV_512.avi,0,0
/home/jovyan/.cache/kagglehub/datasets/yash07yadav/project-data/versions/1/Complete Dataset/val/NonFight/O2rd3LTv_0.avi,0,0
/home/jovyan/.cache/kagglehub/datasets/yash07yadav/project-data/versions/1/Complete Dataset/val/NonFight/Yma07mlW_0.avi,0,0
/home/jovyan/.cache/kagglehub/datasets/yash07yadav/project-data/versions/1/Complete Dataset/val/NonFight/no60_xvid.avi,0,0
/home/jovyan/.cache/kagglehub/datasets/yash07yadav/project-data/versions/1/Complete Dataset/val/NonFight/SJRnWfHAx_E_1.avi,0,0
/home/jovyan/.cache/kagglehub/datasets/yash07yadav/project-data/versions/1/Complete Dataset/val/NonFight/no484_xvid.avi,0,0
/home/jovyan/.cache/kagglehub/datasets/yash07yadav/project-data/versions/1/Complete Dataset/val/NonFight/no78_xvid.avi,0,0
/home/jovyan/.cache/kagglehub/datasets/yash07yadav/project-data/versions/1/Complete Dataset/val/NonFight/no54_xvid.avi,0,0
/home/jovyan/.cache/kagglehub/datasets/yash07yadav/project-data/versions/1/Complete Dataset/val/NonFight/bW2vHhYbzHM_0.avi,0,0
/home/jovyan/.cache/kagglehub/datasets/yash07yadav/project-data/versions/1/Complete Dataset/val/NonFight/NV_377.avi,0,0
/home/jovyan/.cache/kagglehub/datasets/yash07yadav/project-data/versions/1/Complete Dataset/val/NonFight/no62_xvid.avi,0,0
/home/jovyan/.cache/kagglehub/datasets/yash07yadav/project-data/versions/1/Complete Dataset/val/NonFight/no65___xvid.avi,0,0
/home/jovyan/.cache/kagglehub/datasets/yash07yadav/project-data/versions/1/Complete Dataset/val/NonFight/MrEU15Ug_0.avi,0,0
/home/jovyan/.cache/kagglehub/datasets/yash07yadav/project-data/versions/1/Complete Dataset/val/NonFight/no89_xvid.avi,0,0
/home/jovyan/.cache/kagglehub/datasets/yash07yadav/project-data/versions/1/Complete Dataset/val/NonFight/Cw0HuNI5_0.avi,0,1
/home/jovyan/.cache/kagglehub/datasets/yash07yadav/project-data/versions/1/Complete Dataset/val/NonFight/NYvOWjLU_0.avi,0,0
/home/jovyan/.cache/kagglehub/datasets/yash07yadav/project-data/versions/1/Complete Dataset/val/NonFight/no70_xvid.avi,0,0
/home/jovyan/.cache/kagglehub/datasets/yash07yadav/project-data/versions/1/Complete Dataset/val/NonFight/no455_xvid.avi,0,0
/home/jovyan/.cache/kagglehub/datasets/yash07yadav/project-data/versions/1/Complete Dataset/val/NonFight/NV_375.avi,0,0
/home/jovyan/.cache/kagglehub/datasets/yash07yadav/project-data/versions/1/Complete Dataset/val/NonFight/I-QiUMPTWNE_1.avi,0,0
/home/jovyan/.cache/kagglehub/datasets/yash07yadav/project-data/versions/1/Complete Dataset/val/NonFight/no59_xvid.avi,0,0
/home/jovyan/.cache/kagglehub/datasets/yash07yadav/project-data/versions/1/Complete Dataset/val/NonFight/no72_xvid.avi,0,0
/home/jovyan/.cache/kagglehub/datasets/yash07yadav/project-data/versions/1/Complete Dataset/val/NonFight/no456_xvid.avi,0,0
/home/jovyan/.cache/kagglehub/datasets/yash07yadav/project-data/versions/1/Complete Dataset/val/NonFight/no68_xvid.avi,0,0
/home/jovyan/.cache/kagglehub/datasets/yash07yadav/project-data/versions/1/Complete Dataset/val/NonFight/8m3onRfr_0.avi,0,0
/home/jovyan/.cache/kagglehub/datasets/yash07yadav/project-data/versions/1/Complete Dataset/val/NonFight/no485_xvid.avi,0,0
/home/jovyan/.cache/kagglehub/datasets/yash07yadav/project-data/versions/1/Complete Dataset/val/NonFight/no94_xvid.avi,0,0
/home/jovyan/.cache/kagglehub/datasets/yash07yadav/project-data/versions/1/Complete Dataset/val/NonFight/LKdiIccO_0.avi,0,0
/home/jovyan/.cache/kagglehub/datasets/yash07yadav/project-data/versions/1/Complete Dataset/val/NonFight/RIXaF_TkLlU_1.avi,0,0
/home/jovyan/.cache/kagglehub/datasets/yash07yadav/project-data/versions/1/Complete Dataset/val/NonFight/cpFWuHXF_0.avi,0,0
/home/jovyan/.cache/kagglehub/datasets/yash07yadav/project-data/versions/1/Complete Dataset/val/NonFight/GYvqfFzN_0.avi,0,0
/home/jovyan/.cache/kagglehub/datasets/yash07yadav/project-data/versions/1/Complete Dataset/val/NonFight/no486_xvid.avi,0,0
/home/jovyan/.cache/kagglehub/datasets/yash07yadav/project-data/versions/1/Complete Dataset/val/NonFight/Assault006_x264_0.avi,0,0
/home/jovyan/.cache/kagglehub/datasets/yash07yadav/project-data/versions/1/Complete Dataset/val/NonFight/NV_519.avi,0,0
/home/jovyan/.cache/kagglehub/datasets/yash07yadav/project-data/versions/1/Complete Dataset/val/NonFight/no92_xvid.avi,0,0
/home/jovyan/.cache/kagglehub/datasets/yash07yadav/project-data/versions/1/Complete Dataset/val/NonFight/no67_xvid.avi,0,0
/home/jovyan/.cache/kagglehub/datasets/yash07yadav/project-data/versions/1/Complete Dataset/val/NonFight/no85_xvid.avi,0,0
/home/jovyan/.cache/kagglehub/datasets/yash07yadav/project-data/versions/1/Complete Dataset/val/NonFight/no50_xvid.avi,0,0
/home/jovyan/.cache/kagglehub/datasets/yash07yadav/project-data/versions/1/Complete Dataset/val/NonFight/32wXo9Dt_0.avi,0,0
/home/jovyan/.cache/kagglehub/datasets/yash07yadav/project-data/versions/1/Complete Dataset/val/NonFight/no76_xvid.avi,0,0
/home/jovyan/.cache/kagglehub/datasets/yash07yadav/project-data/versions/1/Complete Dataset/val/NonFight/NnUOjff0_0.avi,0,0
/home/jovyan/.cache/kagglehub/datasets/yash07yadav/project-data/versions/1/Complete Dataset/val/NonFight/no93_xvid.avi,0,0
/home/jovyan/.cache/kagglehub/datasets/yash07yadav/project-data/versions/1/Complete Dataset/val/NonFight/no452_xvid.avi,0,0
/home/jovyan/.cache/kagglehub/datasets/yash07yadav/project-data/versions/1/Complete Dataset/val/NonFight/no52_xvid.avi,0,0
/home/jovyan/.cache/kagglehub/datasets/yash07yadav/project-data/versions/1/Complete Dataset/val/NonFight/no51_xvid.avi,0,0
/home/jovyan/.cache/kagglehub/datasets/yash07yadav/project-data/versions/1/Complete Dataset/val/NonFight/no82_xvid.avi,0,0
/home/jovyan/.cache/kagglehub/datasets/yash07yadav/project-data/versions/1/Complete Dataset/val/NonFight/no451_xvid.avi,0,0
/home/jovyan/.cache/kagglehub/datasets/yash07yadav/project-data/versions/1/Complete Dataset/val/NonFight/Xcd0v-KhKL4_0.avi,0,0
/home/jovyan/.cache/kagglehub/datasets/yash07yadav/project-data/versions/1/Complete Dataset/val/Fight/V_384.avi,1,0
/home/jovyan/.cache/kagglehub/datasets/yash07yadav/project-data/versions/1/Complete Dataset/val/Fight/TYRFDVD_1113.avi,1,0
/home/jovyan/.cache/kagglehub/datasets/yash07yadav/project-data/versions/1/Complete Dataset/val/Fight/nuf-d5GugL0_3.avi,1,1
/home/jovyan/.cache/kagglehub/datasets/yash07yadav/project-data/versions/1/Complete Dataset/val/Fight/OvDMIkTb4XU_4.avi,1,1
/home/jovyan/.cache/kagglehub/datasets/yash07yadav/project-data/versions/1/Complete Dataset/val/Fight/I-QiUMPTWNE_8.avi,1,0
/home/jovyan/.cache/kagglehub/datasets/yash07yadav/project-data/versions/1/Complete Dataset/val/Fight/g-qjkePEXQA_3.avi,1,0
/home/jovyan/.cache/kagglehub/datasets/yash07yadav/project-data/versions/1/Complete Dataset/val/Fight/YDOJvzChqSg_2.avi,1,1
/home/jovyan/.cache/kagglehub/datasets/yash07yadav/project-data/versions/1/Complete Dataset/val/Fight/Ry5c1PbcIa0_0.avi,1,0
/home/jovyan/.cache/kagglehub/datasets/yash07yadav/project-data/versions/1/Complete Dataset/val/Fight/etyiEs3j8x8_0.avi,1,0
/home/jovyan/.cache/kagglehub/datasets/yash07yadav/project-data/versions/1/Complete Dataset/val/Fight/SJRnWfHAx_E_2.avi,1,0
/home/jovyan/.cache/kagglehub/datasets/yash07yadav/project-data/versions/1/Complete Dataset/val/Fight/6Rl7q_kXYbg_4.avi,1,0
/home/jovyan/.cache/kagglehub/datasets/yash07yadav/project-data/versions/1/Complete Dataset/val/Fight/39BFeYnbu-I_4.avi,1,1
/home/jovyan/.cache/kagglehub/datasets/yash07yadav/project-data/versions/1/Complete Dataset/val/Fight/6Rl7q_kXYbg_3.avi,1,0
/home/jovyan/.cache/kagglehub/datasets/yash07yadav/project-data/versions/1/Complete Dataset/val/Fight/FXC43fACfPc_1.avi,1,0
/home/jovyan/.cache/kagglehub/datasets/yash07yadav/project-data/versions/1/Complete Dataset/val/Fight/TYRFDVD_1104.avi,1,0
/home/jovyan/.cache/kagglehub/datasets/yash07yadav/project-data/versions/1/Complete Dataset/val/Fight/OvDMIkTb4XU_2.avi,1,0
/home/jovyan/.cache/kagglehub/datasets/yash07yadav/project-data/versions/1/Complete Dataset/val/Fight/V_752.avi,1,1
/home/jovyan/.cache/kagglehub/datasets/yash07yadav/project-data/versions/1/Complete Dataset/val/Fight/V_769.avi,1,1
/home/jovyan/.cache/kagglehub/datasets/yash07yadav/project-data/versions/1/Complete Dataset/val/Fight/Wq0BuA8GM84_0.avi,1,1
/home/jovyan/.cache/kagglehub/datasets/yash07yadav/project-data/versions/1/Complete Dataset/val/Fight/XM0NI7ZmwWM_1.avi,1,0
/home/jovyan/.cache/kagglehub/datasets/yash07yadav/project-data/versions/1/Complete Dataset/val/Fight/V_405.avi,1,0
/home/jovyan/.cache/kagglehub/datasets/yash07yadav/project-data/versions/1/Complete Dataset/val/Fight/6Rl7q_kXYbg_0.avi,1,0
/home/jovyan/.cache/kagglehub/datasets/yash07yadav/project-data/versions/1/Complete Dataset/val/Fight/JECBfnp2ZXc_1.avi,1,0
/home/jovyan/.cache/kagglehub/datasets/yash07yadav/project-data/versions/1/Complete Dataset/val/Fight/nuf-d5GugL0_0.avi,1,1
/home/jovyan/.cache/kagglehub/datasets/yash07yadav/project-data/versions/1/Complete Dataset/val/Fight/V_585.avi,1,0
/home/jovyan/.cache/kagglehub/datasets/yash07yadav/project-data/versions/1/Complete Dataset/val/Fight/39BFeYnbu-I_3.avi,1,0
/home/jovyan/.cache/kagglehub/datasets/yash07yadav/project-data/versions/1/Complete Dataset/val/Fight/TYRFDVD_1106.avi,1,0
/home/jovyan/.cache/kagglehub/datasets/yash07yadav/project-data/versions/1/Complete Dataset/val/Fight/V_594.avi,1,0
/home/jovyan/.cache/kagglehub/datasets/yash07yadav/project-data/versions/1/Complete Dataset/val/Fight/g-qjkePEXQA_2.avi,1,0
/home/jovyan/.cache/kagglehub/datasets/yash07yadav/project-data/versions/1/Complete Dataset/val/Fight/V_400.avi,1,0
/home/jovyan/.cache/kagglehub/datasets/yash07yadav/project-data/versions/1/Complete Dataset/val/Fight/e5Dmmply_1.avi,1,1
/home/jovyan/.cache/kagglehub/datasets/yash07yadav/project-data/versions/1/Complete Dataset/val/Fight/39BFeYnbu-I_2.avi,1,1
/home/jovyan/.cache/kagglehub/datasets/yash07yadav/project-data/versions/1/Complete Dataset/val/Fight/V_771.avi,1,0
/home/jovyan/.cache/kagglehub/datasets/yash07yadav/project-data/versions/1/Complete Dataset/val/Fight/RTHTRS_706.avi,1,1
/home/jovyan/.cache/kagglehub/datasets/yash07yadav/project-data/versions/1/Complete Dataset/val/Fight/V_391.avi,1,0
/home/jovyan/.cache/kagglehub/datasets/yash07yadav/project-data/versions/1/Complete Dataset/val/Fight/0Ow4cotKOuw_4.avi,1,0
/home/jovyan/.cache/kagglehub/datasets/yash07yadav/project-data/versions/1/Complete Dataset/val/Fight/1Kbw1bUw_3.avi,1,0
/home/jovyan/.cache/kagglehub/datasets/yash07yadav/project-data/versions/1/Complete Dataset/val/Fight/SDFDSSDF_976.avi,1,0
/home/jovyan/.cache/kagglehub/datasets/yash07yadav/project-data/versions/1/Complete Dataset/val/Fight/qaAclucigpY_0.avi,1,0
/home/jovyan/.cache/kagglehub/datasets/yash07yadav/project-data/versions/1/Complete Dataset/val/Fight/V_379.avi,1,1
/home/jovyan/.cache/kagglehub/datasets/yash07yadav/project-data/versions/1/Complete Dataset/val/Fight/etyiEs3j8x8_1.avi,1,0
/home/jovyan/.cache/kagglehub/datasets/yash07yadav/project-data/versions/1/Complete Dataset/val/Fight/Qj3oZsaqNGE_1.avi,1,0
/home/jovyan/.cache/kagglehub/datasets/yash07yadav/project-data/versions/1/Complete Dataset/val/Fight/V_392.avi,1,0
/home/jovyan/.cache/kagglehub/datasets/yash07yadav/project-data/versions/1/Complete Dataset/val/Fight/1Kbw1bUw_1.avi,1,1
/home/jovyan/.cache/kagglehub/datasets/yash07yadav/project-data/versions/1/Complete Dataset/val/Fight/0Ow4cotKOuw_1.avi,1,1
/home/jovyan/.cache/kagglehub/datasets/yash07yadav/project-data/versions/1/Complete Dataset/val/Fight/V_406.avi,1,0
/home/jovyan/.cache/kagglehub/datasets/yash07yadav/project-data/versions/1/Complete Dataset/val/Fight/V_375.avi,1,0
/home/jovyan/.cache/kagglehub/datasets/yash07yadav/project-data/versions/1/Complete Dataset/val/Fight/XM0NI7ZmwWM_2.avi,1,0
/home/jovyan/.cache/kagglehub/datasets/yash07yadav/project-data/versions/1/Complete Dataset/val/Fight/MxkTo5F-nvU_3.avi,1,0
/home/jovyan/.cache/kagglehub/datasets/yash07yadav/project-data/versions/1/Complete Dataset/val/Fight/V_374.avi,1,0
/home/jovyan/.cache/kagglehub/datasets/yash07yadav/project-data/versions/1/Complete Dataset/val/Fight/1Kbw1bUw_2.avi,1,1
/home/jovyan/.cache/kagglehub/datasets/yash07yadav/project-data/versions/1/Complete Dataset/val/Fight/V_372.avi,1,1
/home/jovyan/.cache/kagglehub/datasets/yash07yadav/project-data/versions/1/Complete Dataset/val/Fight/V_592.avi,1,0
/home/jovyan/.cache/kagglehub/datasets/yash07yadav/project-data/versions/1/Complete Dataset/val/Fight/V_770.avi,1,1
/home/jovyan/.cache/kagglehub/datasets/yash07yadav/project-data/versions/1/Complete Dataset/val/Fight/V_381.avi,1,0
/home/jovyan/.cache/kagglehub/datasets/yash07yadav/project-data/versions/1/Complete Dataset/val/Fight/V_578.avi,1,0
/home/jovyan/.cache/kagglehub/datasets/yash07yadav/project-data/versions/1/Complete Dataset/val/Fight/V_758.avi,1,1
/home/jovyan/.cache/kagglehub/datasets/yash07yadav/project-data/versions/1/Complete Dataset/val/Fight/0Ow4cotKOuw_2.avi,1,1
/home/jovyan/.cache/kagglehub/datasets/yash07yadav/project-data/versions/1/Complete Dataset/val/Fight/V_404.avi,1,0
/home/jovyan/.cache/kagglehub/datasets/yash07yadav/project-data/versions/1/Complete Dataset/val/Fight/FXC43fACfPc_2.avi,1,0
/home/jovyan/.cache/kagglehub/datasets/yash07yadav/project-data/versions/1/Complete Dataset/val/Fight/V_361.avi,1,0
/home/jovyan/.cache/kagglehub/datasets/yash07yadav/project-data/versions/1/Complete Dataset/val/Fight/nVdn1krnTCQ_3.avi,1,1
/home/jovyan/.cache/kagglehub/datasets/yash07yadav/project-data/versions/1/Complete Dataset/val/Fight/XM0NI7ZmwWM_0.avi,1,1
/home/jovyan/.cache/kagglehub/datasets/yash07yadav/project-data/versions/1/Complete Dataset/val/Fight/V_753.avi,1,1
/home/jovyan/.cache/kagglehub/datasets/yash07yadav/project-data/versions/1/Complete Dataset/val/Fight/V_393.avi,1,0
/home/jovyan/.cache/kagglehub/datasets/yash07yadav/project-data/versions/1/Complete Dataset/val/Fight/YDOJvzChqSg_1.avi,1,1
/home/jovyan/.cache/kagglehub/datasets/yash07yadav/project-data/versions/1/Complete Dataset/val/Fight/RTHTRS_699.avi,1,0
/home/jovyan/.cache/kagglehub/datasets/yash07yadav/project-data/versions/1/Complete Dataset/val/Fight/V_397.avi,1,0
/home/jovyan/.cache/kagglehub/datasets/yash07yadav/project-data/versions/1/Complete Dataset/val/Fight/V_589.avi,1,0
/home/jovyan/.cache/kagglehub/datasets/yash07yadav/project-data/versions/1/Complete Dataset/val/Fight/Qtcwz_K2Gvo_1.avi,1,0
/home/jovyan/.cache/kagglehub/datasets/yash07yadav/project-data/versions/1/Complete Dataset/val/Fight/nVdn1krnTCQ_1.avi,1,0
/home/jovyan/.cache/kagglehub/datasets/yash07yadav/project-data/versions/1/Complete Dataset/val/Fight/RIXaF_TkLlU_3.avi,1,1
/home/jovyan/.cache/kagglehub/datasets/yash07yadav/project-data/versions/1/Complete Dataset/val/Fight/TYRFDVD_1110.avi,1,0
/home/jovyan/.cache/kagglehub/datasets/yash07yadav/project-data/versions/1/Complete Dataset/val/Fight/39BFeYnbu-I_1.avi,1,1
/home/jovyan/.cache/kagglehub/datasets/yash07yadav/project-data/versions/1/Complete Dataset/val/Fight/RTHTRS_718.avi,1,1
/home/jovyan/.cache/kagglehub/datasets/yash07yadav/project-data/versions/1/Complete Dataset/val/Fight/Qj3oZsaqNGE_0.avi,1,0
/home/jovyan/.cache/kagglehub/datasets/yash07yadav/project-data/versions/1/Complete Dataset/val/Fight/I-QiUMPTWNE_5.avi,1,0
/home/jovyan/.cache/kagglehub/datasets/yash07yadav/project-data/versions/1/Complete Dataset/val/Fight/V_396.avi,1,0
/home/jovyan/.cache/kagglehub/datasets/yash07yadav/project-data/versions/1/Complete Dataset/val/Fight/nuf-d5GugL0_4.avi,1,1
/home/jovyan/.cache/kagglehub/datasets/yash07yadav/project-data/versions/1/Complete Dataset/val/Fight/39BFeYnbu-I_8.avi,1,1
/home/jovyan/.cache/kagglehub/datasets/yash07yadav/project-data/versions/1/Complete Dataset/val/Fight/OvDMIkTb4XU_1.avi,1,0
/home/jovyan/.cache/kagglehub/datasets/yash07yadav/project-data/versions/1/Complete Dataset/val/Fight/g6jdqkcdgqk_1.avi,1,0
/home/jovyan/.cache/kagglehub/datasets/yash07yadav/project-data/versions/1/Complete Dataset/val/Fight/SDFDSSDF_978.avi,1,0
/home/jovyan/.cache/kagglehub/datasets/yash07yadav/project-data/versions/1/Complete Dataset/val/Fight/etyiEs3j8x8_3.avi,1,0
/home/jovyan/.cache/kagglehub/datasets/yash07yadav/project-data/versions/1/Complete Dataset/val/Fight/V_576.avi,1,1
/home/jovyan/.cache/kagglehub/datasets/yash07yadav/project-data/versions/1/Complete Dataset/val/Fight/TYRFDVD_1109.avi,1,0
/home/jovyan/.cache/kagglehub/datasets/yash07yadav/project-data/versions/1/Complete Dataset/val/Fight/1MVS2QPWbHc_0.avi,1,1
/home/jovyan/.cache/kagglehub/datasets/yash07yadav/project-data/versions/1/Complete Dataset/val/Fight/nuf-d5GugL0_9.avi,1,1
/home/jovyan/.cache/kagglehub/datasets/yash07yadav/project-data/versions/1/Complete Dataset/val/Fight/nuf-d5GugL0_2.avi,1,0
/home/jovyan/.cache/kagglehub/datasets/yash07yadav/project-data/versions/1/Complete Dataset/val/Fight/YDOJvzChqSg_0.avi,1,1
/home/jovyan/.cache/kagglehub/datasets/yash07yadav/project-data/versions/1/Complete Dataset/val/Fight/V_591.avi,1,0
/home/jovyan/.cache/kagglehub/datasets/yash07yadav/project-data/versions/1/Complete Dataset/val/Fight/1MVS2QPWbHc_1.avi,1,0
/home/jovyan/.cache/kagglehub/datasets/yash07yadav/project-data/versions/1/Complete Dataset/val/Fight/V_588.avi,1,0
/home/jovyan/.cache/kagglehub/datasets/yash07yadav/project-data/versions/1/Complete Dataset/val/Fight/V_358.avi,1,0
/home/jovyan/.cache/kagglehub/datasets/yash07yadav/project-data/versions/1/Complete Dataset/val/Fight/RTHTRS_717.avi,1,1
/home/jovyan/.cache/kagglehub/datasets/yash07yadav/project-data/versions/1/Complete Dataset/val/Fight/MxkTo5F-nvU_1.avi,1,0
/home/jovyan/.cache/kagglehub/datasets/yash07yadav/project-data/versions/1/Complete Dataset/val/Fight/mwuiYEBdkJs_3.avi,1,0
/home/jovyan/.cache/kagglehub/datasets/yash07yadav/project-data/versions/1/Complete Dataset/val/Fight/g6jdqkcdgqk_5.avi,1,1
/home/jovyan/.cache/kagglehub/datasets/yash07yadav/project-data/versions/1/Complete Dataset/val/Fight/I-QiUMPTWNE_6.avi,1,0
/home/jovyan/.cache/kagglehub/datasets/yash07yadav/project-data/versions/1/Complete Dataset/val/Fight/JECBfnp2ZXc_3.avi,1,0
/home/jovyan/.cache/kagglehub/datasets/yash07yadav/project-data/versions/1/Complete Dataset/val/Fight/RETYTDF_523.avi,1,0
/home/jovyan/.cache/kagglehub/datasets/yash07yadav/project-data/versions/1/Complete Dataset/val/Fight/V_359.avi,1,1
/home/jovyan/.cache/kagglehub/datasets/yash07yadav/project-data/versions/1/Complete Dataset/val/Fight/mwuiYEBdkJs_1.avi,1,0
/home/jovyan/.cache/kagglehub/datasets/yash07yadav/project-data/versions/1/Complete Dataset/val/Fight/tf_X7GtOGyE_0.avi,1,0
/home/jovyan/.cache/kagglehub/datasets/yash07yadav/project-data/versions/1/Complete Dataset/val/Fight/V_599.avi,1,0
/home/jovyan/.cache/kagglehub/datasets/yash07yadav/project-data/versions/1/Complete Dataset/val/Fight/V_362.avi,1,0
/home/jovyan/.cache/kagglehub/datasets/yash07yadav/project-data/versions/1/Complete Dataset/val/Fight/RIXaF_TkLlU_2.avi,1,1
/home/jovyan/.cache/kagglehub/datasets/yash07yadav/project-data/versions/1/Complete Dataset/val/Fight/nVdn1krnTCQ_4.avi,1,0
/home/jovyan/.cache/kagglehub/datasets/yash07yadav/project-data/versions/1/Complete Dataset/val/Fight/JECBfnp2ZXc_5.avi,1,0
/home/jovyan/.cache/kagglehub/datasets/yash07yadav/project-data/versions/1/Complete Dataset/val/Fight/0Ow4cotKOuw_0.avi,1,1
/home/jovyan/.cache/kagglehub/datasets/yash07yadav/project-data/versions/1/Complete Dataset/val/Fight/FXC43fACfPc_3.avi,1,0
/home/jovyan/.cache/kagglehub/datasets/yash07yadav/project-data/versions/1/Complete Dataset/val/Fight/g6jdqkcdgqk_3.avi,1,0
/home/jovyan/.cache/kagglehub/datasets/yash07yadav/project-data/versions/1/Complete Dataset/val/Fight/V_394.avi,1,0
/home/jovyan/.cache/kagglehub/datasets/yash07yadav/project-data/versions/1/Complete Dataset/val/Fight/V_762.avi,1,1
/home/jovyan/.cache/kagglehub/datasets/yash07yadav/project-data/versions/1/Complete Dataset/val/Fight/tf_X7GtOGyE_1.avi,1,0
/home/jovyan/.cache/kagglehub/datasets/yash07yadav/project-data/versions/1/Complete Dataset/val/Fight/FXC43fACfPc_0.avi,1,0
/home/jovyan/.cache/kagglehub/datasets/yash07yadav/project-data/versions/1/Complete Dataset/val/Fight/V_754.avi,1,1
/home/jovyan/.cache/kagglehub/datasets/yash07yadav/project-data/versions/1/Complete Dataset/val/Fight/OvDMIkTb4XU_3.avi,1,0
/home/jovyan/.cache/kagglehub/datasets/yash07yadav/project-data/versions/1/Complete Dataset/val/Fight/SJRnWfHAx_E_0.avi,1,0
/home/jovyan/.cache/kagglehub/datasets/yash07yadav/project-data/versions/1/Complete Dataset/val/Fight/1MVS2QPWbHc_4.avi,1,0
/home/jovyan/.cache/kagglehub/datasets/yash07yadav/project-data/versions/1/Complete Dataset/val/Fight/V_768.avi,1,0
/home/jovyan/.cache/kagglehub/datasets/yash07yadav/project-data/versions/1/Complete Dataset/val/Fight/48J5lk4QcpE_3.avi,1,0
/home/jovyan/.cache/kagglehub/datasets/yash07yadav/project-data/versions/1/Complete Dataset/val/Fight/V_583.avi,1,0
/home/jovyan/.cache/kagglehub/datasets/yash07yadav/project-data/versions/1/Complete Dataset/val/Fight/mwuiYEBdkJs_5.avi,1,1
/home/jovyan/.cache/kagglehub/datasets/yash07yadav/project-data/versions/1/Complete Dataset/val/Fight/EFv961C5RgY_1.avi,1,0
/home/jovyan/.cache/kagglehub/datasets/yash07yadav/project-data/versions/1/Complete Dataset/val/Fight/V_586.avi,1,0
/home/jovyan/.cache/kagglehub/datasets/yash07yadav/project-data/versions/1/Complete Dataset/val/Fight/83d-16REC40_1.avi,1,0
/home/jovyan/.cache/kagglehub/datasets/yash07yadav/project-data/versions/1/Complete Dataset/val/Fight/V_367.avi,1,0
/home/jovyan/.cache/kagglehub/datasets/yash07yadav/project-data/versions/1/Complete Dataset/val/Fight/RTHTRS_705.avi,1,1
/home/jovyan/.cache/kagglehub/datasets/yash07yadav/project-data/versions/1/Complete Dataset/val/Fight/V_377.avi,1,0
/home/jovyan/.cache/kagglehub/datasets/yash07yadav/project-data/versions/1/Complete Dataset/val/Fight/SDFDSSDF_972.avi,1,0
/home/jovyan/.cache/kagglehub/datasets/yash07yadav/project-data/versions/1/Complete Dataset/val/Fight/V_366.avi,1,0
/home/jovyan/.cache/kagglehub/datasets/yash07yadav/project-data/versions/1/Complete Dataset/val/Fight/nuf-d5GugL0_1.avi,1,1
/home/jovyan/.cache/kagglehub/datasets/yash07yadav/project-data/versions/1/Complete Dataset/val/Fight/V_579.avi,1,0
/home/jovyan/.cache/kagglehub/datasets/yash07yadav/project-data/versions/1/Complete Dataset/val/Fight/V_398.avi,1,0
/home/jovyan/.cache/kagglehub/datasets/yash07yadav/project-data/versions/1/Complete Dataset/val/Fight/V_376.avi,1,1
/home/jovyan/.cache/kagglehub/datasets/yash07yadav/project-data/versions/1/Complete Dataset/val/Fight/mwuiYEBdkJs_2.avi,1,1
/home/jovyan/.cache/kagglehub/datasets/yash07yadav/project-data/versions/1/Complete Dataset/val/Fight/V_759.avi,1,1
/home/jovyan/.cache/kagglehub/datasets/yash07yadav/project-data/versions/1/Complete Dataset/val/Fight/TYRFDVD_1112.avi,1,0
/home/jovyan/.cache/kagglehub/datasets/yash07yadav/project-data/versions/1/Complete Dataset/val/Fight/V_373.avi,1,0
/home/jovyan/.cache/kagglehub/datasets/yash07yadav/project-data/versions/1/Complete Dataset/val/Fight/48J5lk4QcpE_2.avi,1,1
/home/jovyan/.cache/kagglehub/datasets/yash07yadav/project-data/versions/1/Complete Dataset/val/Fight/1Kbw1bUw_0.avi,1,1
/home/jovyan/.cache/kagglehub/datasets/yash07yadav/project-data/versions/1/Complete Dataset/val/Fight/39BFeYnbu-I_5.avi,1,1
/home/jovyan/.cache/kagglehub/datasets/yash07yadav/project-data/versions/1/Complete Dataset/val/Fight/A7FCl8G35Cs_1.avi,1,0
/home/jovyan/.cache/kagglehub/datasets/yash07yadav/project-data/versions/1/Complete Dataset/val/Fight/V_390.avi,1,0
/home/jovyan/.cache/kagglehub/datasets/yash07yadav/project-data/versions/1/Complete Dataset/val/Fight/RTHTRS_697.avi,1,1
/home/jovyan/.cache/kagglehub/datasets/yash07yadav/project-data/versions/1/Complete Dataset/val/Fight/V_775.avi,1,0
/home/jovyan/.cache/kagglehub/datasets/yash07yadav/project-data/versions/1/Complete Dataset/val/Fight/V_380.avi,1,1
/home/jovyan/.cache/kagglehub/datasets/yash07yadav/project-data/versions/1/Complete Dataset/val/Fight/MxkTo5F-nvU_4.avi,1,0
/home/jovyan/.cache/kagglehub/datasets/yash07yadav/project-data/versions/1/Complete Dataset/val/Fight/V_760.avi,1,1
/home/jovyan/.cache/kagglehub/datasets/yash07yadav/project-data/versions/1/Complete Dataset/val/Fight/tf_X7GtOGyE_2.avi,1,0
/home/jovyan/.cache/kagglehub/datasets/yash07yadav/project-data/versions/1/Complete Dataset/val/Fight/nuf-d5GugL0_7.avi,1,1
/home/jovyan/.cache/kagglehub/datasets/yash07yadav/project-data/versions/1/Complete Dataset/val/Fight/V_370.avi,1,0
/home/jovyan/.cache/kagglehub/datasets/yash07yadav/project-data/versions/1/Complete Dataset/val/Fight/g6jdqkcdgqk_2.avi,1,0
/home/jovyan/.cache/kagglehub/datasets/yash07yadav/project-data/versions/1/Complete Dataset/val/Fight/I-QiUMPTWNE_2.avi,1,0
/home/jovyan/.cache/kagglehub/datasets/yash07yadav/project-data/versions/1/Complete Dataset/val/Fight/V_581.avi,1,1
/home/jovyan/.cache/kagglehub/datasets/yash07yadav/project-data/versions/1/Complete Dataset/val/Fight/6Rl7q_kXYbg_5.avi,1,0
/home/jovyan/.cache/kagglehub/datasets/yash07yadav/project-data/versions/1/Complete Dataset/val/Fight/SJRnWfHAx_E_4.avi,1,0
/home/jovyan/.cache/kagglehub/datasets/yash07yadav/project-data/versions/1/Complete Dataset/val/Fight/MxkTo5F-nvU_0.avi,1,0
/home/jovyan/.cache/kagglehub/datasets/yash07yadav/project-data/versions/1/Complete Dataset/val/Fight/JECBfnp2ZXc_4.avi,1,0
/home/jovyan/.cache/kagglehub/datasets/yash07yadav/project-data/versions/1/Complete Dataset/val/Fight/V_401.avi,1,0
/home/jovyan/.cache/kagglehub/datasets/yash07yadav/project-data/versions/1/Complete Dataset/val/Fight/V_385.avi,1,1
/home/jovyan/.cache/kagglehub/datasets/yash07yadav/project-data/versions/1/Complete Dataset/val/Fight/V_757.avi,1,1
/home/jovyan/.cache/kagglehub/datasets/yash07yadav/project-data/versions/1/Complete Dataset/val/Fight/V_596.avi,1,0
/home/jovyan/.cache/kagglehub/datasets/yash07yadav/project-data/versions/1/Complete Dataset/val/Fight/RIXaF_TkLlU_4.avi,1,1
/home/jovyan/.cache/kagglehub/datasets/yash07yadav/project-data/versions/1/Complete Dataset/val/Fight/V_382.avi,1,0
/home/jovyan/.cache/kagglehub/datasets/yash07yadav/project-data/versions/1/Complete Dataset/val/Fight/1MVS2QPWbHc_2.avi,1,1
/home/jovyan/.cache/kagglehub/datasets/yash07yadav/project-data/versions/1/Complete Dataset/val/Fight/XM0NI7ZmwWM_3.avi,1,1
/home/jovyan/.cache/kagglehub/datasets/yash07yadav/project-data/versions/1/Complete Dataset/val/Fight/TYRFDVD_1105.avi,1,0
/home/jovyan/.cache/kagglehub/datasets/yash07yadav/project-data/versions/1/Complete Dataset/val/Fight/fbtEhNq5a6E_0.avi,1,0
/home/jovyan/.cache/kagglehub/datasets/yash07yadav/project-data/versions/1/Complete Dataset/val/Fight/V_767.avi,1,1
/home/jovyan/.cache/kagglehub/datasets/yash07yadav/project-data/versions/1/Complete Dataset/val/Fight/etyiEs3j8x8_8.avi,1,0
/home/jovyan/.cache/kagglehub/datasets/yash07yadav/project-data/versions/1/Complete Dataset/val/Fight/RETYTDF_524.avi,1,0
/home/jovyan/.cache/kagglehub/datasets/yash07yadav/project-data/versions/1/Complete Dataset/val/Fight/RIXaF_TkLlU_5.avi,1,1
/home/jovyan/.cache/kagglehub/datasets/yash07yadav/project-data/versions/1/Complete Dataset/val/Fight/V_756.avi,1,1
/home/jovyan/.cache/kagglehub/datasets/yash07yadav/project-data/versions/1/Complete Dataset/val/Fight/V_364.avi,1,0
/home/jovyan/.cache/kagglehub/datasets/yash07yadav/project-data/versions/1/Complete Dataset/val/Fight/V_774.avi,1,0
/home/jovyan/.cache/kagglehub/datasets/yash07yadav/project-data/versions/1/Complete Dataset/val/Fight/V_357.avi,1,0
/home/jovyan/.cache/kagglehub/datasets/yash07yadav/project-data/versions/1/Complete Dataset/val/Fight/V_387.avi,1,0
/home/jovyan/.cache/kagglehub/datasets/yash07yadav/project-data/versions/1/Complete Dataset/val/Fight/V_389.avi,1,0
/home/jovyan/.cache/kagglehub/datasets/yash07yadav/project-data/versions/1/Complete Dataset/val/Fight/V_595.avi,1,0
/home/jovyan/.cache/kagglehub/datasets/yash07yadav/project-data/versions/1/Complete Dataset/val/Fight/V_395.avi,1,0
/home/jovyan/.cache/kagglehub/datasets/yash07yadav/project-data/versions/1/Complete Dataset/val/Fight/YDOJvzChqSg_4.avi,1,0
/home/jovyan/.cache/kagglehub/datasets/yash07yadav/project-data/versions/1/Complete Dataset/val/Fight/Qtcwz_K2Gvo_0.avi,1,1
/home/jovyan/.cache/kagglehub/datasets/yash07yadav/project-data/versions/1/Complete Dataset/val/Fight/Q0v2MB0b_0.avi,1,0
/home/jovyan/.cache/kagglehub/datasets/yash07yadav/project-data/versions/1/Complete Dataset/val/Fight/I-QiUMPTWNE_7.avi,1,0
/home/jovyan/.cache/kagglehub/datasets/yash07yadav/project-data/versions/1/Complete Dataset/val/Fight/nVdn1krnTCQ_6.avi,1,0
/home/jovyan/.cache/kagglehub/datasets/yash07yadav/project-data/versions/1/Complete Dataset/val/Fight/V_598.avi,1,1
/home/jovyan/.cache/kagglehub/datasets/yash07yadav/project-data/versions/1/Complete Dataset/val/Fight/RTHTRS_720.avi,1,1
/home/jovyan/.cache/kagglehub/datasets/yash07yadav/project-data/versions/1/Complete Dataset/val/Fight/MxkTo5F-nvU_2.avi,1,0
/home/jovyan/.cache/kagglehub/datasets/yash07yadav/project-data/versions/1/Complete Dataset/val/Fight/V_766.avi,1,1
/home/jovyan/.cache/kagglehub/datasets/yash07yadav/project-data/versions/1/Complete Dataset/val/Fight/V_360.avi,1,0
/home/jovyan/.cache/kagglehub/datasets/yash07yadav/project-data/versions/1/Complete Dataset/val/Fight/nuf-d5GugL0_6.avi,1,1
/home/jovyan/.cache/kagglehub/datasets/yash07yadav/project-data/versions/1/Complete Dataset/val/Fight/V_399.avi,1,0
/home/jovyan/.cache/kagglehub/datasets/yash07yadav/project-data/versions/1/Complete Dataset/val/Fight/JECBfnp2ZXc_2.avi,1,0
/home/jovyan/.cache/kagglehub/datasets/yash07yadav/project-data/versions/1/Complete Dataset/val/Fight/0Ow4cotKOuw_3.avi,1,1
/home/jovyan/.cache/kagglehub/datasets/yash07yadav/project-data/versions/1/Complete Dataset/val/Fight/39BFeYnbu-I_6.avi,1,1
/home/jovyan/.cache/kagglehub/datasets/yash07yadav/project-data/versions/1/Complete Dataset/val/Fight/SDFDSSDF_974.avi,1,0
/home/jovyan/.cache/kagglehub/datasets/yash07yadav/project-data/versions/1/Complete Dataset/val/Fight/V_365.avi,1,1
/home/jovyan/.cache/kagglehub/datasets/yash07yadav/project-data/versions/1/Complete Dataset/val/Fight/A7FCl8G35Cs_0.avi,1,1
/home/jovyan/.cache/kagglehub/datasets/yash07yadav/project-data/versions/1/Complete Dataset/val/Fight/qaAclucigpY_3.avi,1,0
/home/jovyan/.cache/kagglehub/datasets/yash07yadav/project-data/versions/1/Complete Dataset/val/Fight/V_763.avi,1,1
/home/jovyan/.cache/kagglehub/datasets/yash07yadav/project-data/versions/1/Complete Dataset/val/Fight/1MVS2QPWbHc_3.avi,1,1
/home/jovyan/.cache/kagglehub/datasets/yash07yadav/project-data/versions/1/Complete Dataset/val/Fight/etyiEs3j8x8_4.avi,1,0
/home/jovyan/.cache/kagglehub/datasets/yash07yadav/project-data/versions/1/Complete Dataset/val/Fight/7gLKFV5voOg_1.avi,1,0
/home/jovyan/.cache/kagglehub/datasets/yash07yadav/project-data/versions/1/Complete Dataset/val/Fight/tf_X7GtOGyE_3.avi,1,0
/home/jovyan/.cache/kagglehub/datasets/yash07yadav/project-data/versions/1/Complete Dataset/val/Fight/RIXaF_TkLlU_0.avi,1,0
/home/jovyan/.cache/kagglehub/datasets/yash07yadav/project-data/versions/1/Complete Dataset/val/Fight/JECBfnp2ZXc_6.avi,1,0
/home/jovyan/.cache/kagglehub/datasets/yash07yadav/project-data/versions/1/Complete Dataset/val/Fight/V_764.avi,1,1
/home/jovyan/.cache/kagglehub/datasets/yash07yadav/project-data/versions/1/Complete Dataset/val/Fight/V_402.avi,1,0
/home/jovyan/.cache/kagglehub/datasets/yash07yadav/project-data/versions/1/Complete Dataset/val/Fight/39BFeYnbu-I_7.avi,1,1
/home/jovyan/.cache/kagglehub/datasets/yash07yadav/project-data/versions/1/Complete Dataset/val/Fight/SDFDSSDF_977.avi,1,0
/home/jovyan/.cache/kagglehub/datasets/yash07yadav/project-data/versions/1/Complete Dataset/val/Fight/I-QiUMPTWNE_3.avi,1,0
/home/jovyan/.cache/kagglehub/datasets/yash07yadav/project-data/versions/1/Complete Dataset/val/Fight/V_363.avi,1,0
/home/jovyan/.cache/kagglehub/datasets/yash07yadav/project-data/versions/1/Complete Dataset/val/Fight/OvDMIkTb4XU_0.avi,1,0
/home/jovyan/.cache/kagglehub/datasets/yash07yadav/project-data/versions/1/Complete Dataset/val/Fight/mwuiYEBdkJs_0.avi,1,1
/home/jovyan/.cache/kagglehub/datasets/yash07yadav/project-data/versions/1/Complete Dataset/val/Fight/JECBfnp2ZXc_0.avi,1,0
/home/jovyan/.cache/kagglehub/datasets/yash07yadav/project-data/versions/1/Complete Dataset/val/Fight/V_590.avi,1,1
/home/jovyan/.cache/kagglehub/datasets/yash07yadav/project-data/versions/1/Complete Dataset/val/Fight/nuf-d5GugL0_10.avi,1,1
/home/jovyan/.cache/kagglehub/datasets/yash07yadav/project-data/versions/1/Complete Dataset/val/Fight/6Rl7q_kXYbg_1.avi,1,0
/home/jovyan/.cache/kagglehub/datasets/yash07yadav/project-data/versions/1/Complete Dataset/val/Fight/V_383.avi,1,0
/home/jovyan/.cache/kagglehub/datasets/yash07yadav/project-data/versions/1/Complete Dataset/val/Fight/I-QiUMPTWNE_0.avi,1,1
/home/jovyan/.cache/kagglehub/datasets/yash07yadav/project-data/versions/1/Complete Dataset/val/Fight/48J5lk4QcpE_1.avi,1,1
/home/jovyan/.cache/kagglehub/datasets/yash07yadav/project-data/versions/1/Complete Dataset/val/Fight/39BFeYnbu-I_0.avi,1,1
/home/jovyan/.cache/kagglehub/datasets/yash07yadav/project-data/versions/1/Complete Dataset/val/Fight/V_584.avi,1,0
/home/jovyan/.cache/kagglehub/datasets/yash07yadav/project-data/versions/1/Complete Dataset/val/Fight/7gLKFV5voOg_0.avi,1,1
/home/jovyan/.cache/kagglehub/datasets/yash07yadav/project-data/versions/1/Complete Dataset/val/Fight/I-QiUMPTWNE_4.avi,1,0
/home/jovyan/.cache/kagglehub/datasets/yash07yadav/project-data/versions/1/Complete Dataset/val/Fight/V_761.avi,1,1
/home/jovyan/.cache/kagglehub/datasets/yash07yadav/project-data/versions/1/Complete Dataset/val/Fight/e5Dmmply_2.avi,1,0
/home/jovyan/.cache/kagglehub/datasets/yash07yadav/project-data/versions/1/Complete Dataset/val/Fight/RTHTRS_719.avi,1,0
/home/jovyan/.cache/kagglehub/datasets/yash07yadav/project-data/versions/1/Complete Dataset/val/Fight/EFv961C5RgY_0.avi,1,1
/home/jovyan/.cache/kagglehub/datasets/yash07yadav/project-data/versions/1/Complete Dataset/val/Fight/SDFDSSDF_973.avi,1,0
/home/jovyan/.cache/kagglehub/datasets/yash07yadav/project-data/versions/1/Complete Dataset/val/Fight/V_593.avi,1,0
/home/jovyan/.cache/kagglehub/datasets/yash07yadav/project-data/versions/1/Complete Dataset/val/Fight/V_378.avi,1,0
/home/jovyan/.cache/kagglehub/datasets/yash07yadav/project-data/versions/1/Complete Dataset/val/Fight/V_580.avi,1,0
/home/jovyan/.cache/kagglehub/datasets/yash07yadav/project-data/versions/1/Complete Dataset/val/Fight/V_388.avi,1,0
/home/jovyan/.cache/kagglehub/datasets/yash07yadav/project-data/versions/1/Complete Dataset/val/Fight/etyiEs3j8x8_2.avi,1,0
/home/jovyan/.cache/kagglehub/datasets/yash07yadav/project-data/versions/1/Complete Dataset/val/Fight/V_765.avi,1,1
/home/jovyan/.cache/kagglehub/datasets/yash07yadav/project-data/versions/1/Complete Dataset/val/Fight/V_587.avi,1,0
/home/jovyan/.cache/kagglehub/datasets/yash07yadav/project-data/versions/1/Complete Dataset/val/Fight/V_755.avi,1,1
/home/jovyan/.cache/kagglehub/datasets/yash07yadav/project-data/versions/1/Complete Dataset/val/Fight/g-qjkePEXQA_1.avi,1,0
/home/jovyan/.cache/kagglehub/datasets/yash07yadav/project-data/versions/1/Complete Dataset/val/Fight/V_597.avi,1,0
/home/jovyan/.cache/kagglehub/datasets/yash07yadav/project-data/versions/1/Complete Dataset/val/Fight/V_577.avi,1,0
/home/jovyan/.cache/kagglehub/datasets/yash07yadav/project-data/versions/1/Complete Dataset/val/Fight/RTHTRS_707.avi,1,1
/home/jovyan/.cache/kagglehub/datasets/yash07yadav/project-data/versions/1/Complete Dataset/val/Fight/V_403.avi,1,1
/home/jovyan/.cache/kagglehub/datasets/yash07yadav/project-data/versions/1/Complete Dataset/val/Fight/SJRnWfHAx_E_1.avi,1,0
/home/jovyan/.cache/kagglehub/datasets/yash07yadav/project-data/versions/1/Complete Dataset/val/Fight/1MVS2QPWbHc_5.avi,1,1
/home/jovyan/.cache/kagglehub/datasets/yash07yadav/project-data/versions/1/Complete Dataset/val/Fight/bW2vHhYbzHM_0.avi,1,0
/home/jovyan/.cache/kagglehub/datasets/yash07yadav/project-data/versions/1/Complete Dataset/val/Fight/YDOJvzChqSg_3.avi,1,1
/home/jovyan/.cache/kagglehub/datasets/yash07yadav/project-data/versions/1/Complete Dataset/val/Fight/V_369.avi,1,0
/home/jovyan/.cache/kagglehub/datasets/yash07yadav/project-data/versions/1/Complete Dataset/val/Fight/mwuiYEBdkJs_4.avi,1,0
/home/jovyan/.cache/kagglehub/datasets/yash07yadav/project-data/versions/1/Complete Dataset/val/Fight/6Rl7q_kXYbg_2.avi,1,0
/home/jovyan/.cache/kagglehub/datasets/yash07yadav/project-data/versions/1/Complete Dataset/val/Fight/V_582.avi,1,0
/home/jovyan/.cache/kagglehub/datasets/yash07yadav/project-data/versions/1/Complete Dataset/val/Fight/etyiEs3j8x8_5.avi,1,0
/home/jovyan/.cache/kagglehub/datasets/yash07yadav/project-data/versions/1/Complete Dataset/val/Fight/I-QiUMPTWNE_1.avi,1,1
/home/jovyan/.cache/kagglehub/datasets/yash07yadav/project-data/versions/1/Complete Dataset/val/Fight/V_751.avi,1,1
/home/jovyan/.cache/kagglehub/datasets/yash07yadav/project-data/versions/1/Complete Dataset/val/Fight/V_368.avi,1,1
/home/jovyan/.cache/kagglehub/datasets/yash07yadav/project-data/versions/1/Complete Dataset/val/Fight/g6jdqkcdgqk_4.avi,1,0
/home/jovyan/.cache/kagglehub/datasets/yash07yadav/project-data/versions/1/Complete Dataset/val/Fight/nVdn1krnTCQ_2.avi,1,1
/home/jovyan/.cache/kagglehub/datasets/yash07yadav/project-data/versions/1/Complete Dataset/val/Fight/V_386.avi,1,0
/home/jovyan/.cache/kagglehub/datasets/yash07yadav/project-data/versions/1/Complete Dataset/val/Fight/V_371.avi,1,1
/home/jovyan/.cache/kagglehub/datasets/yash07yadav/project-data/versions/1/Complete Dataset/val/Fight/ASGGSDG_183.avi,1,0
/home/jovyan/.cache/kagglehub/datasets/yash07yadav/project-data/versions/1/Complete Dataset/val/Fight/V_772.avi,1,0
/home/jovyan/.cache/kagglehub/datasets/yash07yadav/project-data/versions/1/Complete Dataset/val/Fight/V_600.avi,1,0
/home/jovyan/.cache/kagglehub/datasets/yash07yadav/project-data/versions/1/Complete Dataset/val/Fight/83d-16REC40_0.avi,1,0
/home/jovyan/.cache/kagglehub/datasets/yash07yadav/project-data/versions/1/Complete Dataset/val/Fight/RIXaF_TkLlU_1.avi,1,1
/home/jovyan/.cache/kagglehub/datasets/yash07yadav/project-data/versions/1/Complete Dataset/val/Fight/RTHTRS_698.avi,1,0
/home/jovyan/.cache/kagglehub/datasets/yash07yadav/project-data/versions/1/Complete Dataset/val/Fight/V_773.avi,1,1
/home/jovyan/.cache/kagglehub/datasets/yash07yadav/project-data/versions/1/Complete Dataset/val/Fight/nVdn1krnTCQ_0.avi,1,1
/home/jovyan/.cache/kagglehub/datasets/yash07yadav/project-data/versions/1/Complete Dataset/val/Fight/hytjfg_354.avi,1,0
/home/jovyan/.cache/kagglehub/datasets/yash07yadav/project-data/versions/1/Complete Dataset/val/Fight/e5Dmmply_0.avi,1,0
/home/jovyan/.cache/kagglehub/datasets/yash07yadav/project-data/versions/1/Complete Dataset/val/Fight/nuf-d5GugL0_5.avi,1,1
/home/jovyan/.cache/kagglehub/datasets/yash07yadav/project-data/versions/1/Complete Dataset/val/Fight/g-qjkePEXQA_0.avi,1,0
/home/jovyan/.cache/kagglehub/datasets/yash07yadav/project-data/versions/1/Complete Dataset/val/Fight/48J5lk4QcpE_0.avi,1,1
/home/jovyan/.cache/kagglehub/datasets/yash07yadav/project-data/versions/1/Complete Dataset/val/Fight/Xcd0v-KhKL4_0.avi,1,0
